pcd	WGS84long	WGS84lat
CM07AA	0.828747	51.6623
CM07AB	0.828855	51.6636
CM07AD	0.829635	51.6652
CM07AE	0.830581	51.6641
CM07AF	0.831138	51.6657
CM07AG	0.831405	51.6709
